…………,15.0
……………,14.999999
………,11.0
………………,10.0
……,5.0
ました削除画像で検索検索,3.9157896
細入力ツールこの検索キー,3.8842106
入力ツールこの検索キーワ,3.8842106
ツールこの検索キーワード,3.8842106
力ツールこの検索キーワー,3.8526316
検索キーワードはウェブ履,3.8526316
れました削除画像で検索検,3.8526316
の検索キーワードはウェブ,3.8210528
されました削除画像で検索,3.8210528
この検索キーワードはウェ,3.694737
索キーワードはウェブ履歴,3.4421053
シーと利用規約検索をクリ,3.4421053
て詳細入力ツールこの検索,3.4105263
ーと利用規約検索をクリア,3.3789475
約検索をクリアもしかして,3.3789475
ードはウェブ履歴から削除,3.3473685
ライバシーと利用規約検索,3.3473685
用規約検索をクリアもしか,3.3473685
利用規約検索をクリアもし,3.3157895
規約検索をクリアもしかし,3.2842107
詳細入力ツールこの検索キ,3.2842107
ウェブ履歴から削除されま,3.2526317
ェブ履歴から削除されまし,3.2526317
ーワードはウェブ履歴から,3.2210526
はウェブ履歴から削除され,3.1578948
ブ履歴から削除されました,3.1578948
プライバシーと利用規約検,3.1263158
索をクリアもしかして詳細,3.1263158
ョンについてプライバシー,3.063158
ついてプライバシーと利用,3.063158
リューションについてプラ,3.031579
ューションについてプライ,3.031579
ーションについてプライバ,3.031579
いてプライバシーと利用規,3.031579
かして詳細入力ツールこの,3.031579
スソリューションについて,3.0
てプライバシーと利用規約,2.9684212
アもしかして詳細入力ツー,2.9684212
もしかして詳細入力ツール,2.9684212
ら削除されました削除画像,2.9052632
歴から削除されました削除,2.8736842
から削除されました削除画,2.8736842
ネスソリューションについ,2.8736842
をクリアもしかして詳細入,2.8421054
ジネスソリューションにつ,2.8105264
告掲載ビジネスソリューシ,2.7789474
掲載ビジネスソリューショ,2.7789474
載ビジネスソリューション,2.7789474
ションについてプライバシ,2.7789474
リアもしかして詳細入力ツ,2.7789474
ール広告掲載ビジネスソリ,2.7473686
語ツール広告掲載ビジネス,2.7157896
ツール広告掲載ビジネスソ,2.7157896
広告掲載ビジネスソリュー,2.7157896
クリアもしかして詳細入力,2.7157896
言語ツール広告掲載ビジネ,2.6842105
ル広告掲載ビジネスソリュ,2.5894737
）［有料会員限定］,1.381158
検索検索,1.231579
検索,1.0526316
）［有料会員限定,1.0060775
［有料会員限定］,0.9867299
検索検,0.78157896
索検索,0.78157896
ウェブ履歴,0.7631579
）［有料会員限,0.69255775
［有料会員限定,0.69101876
有料会員限定］,0.69101876
ツール,0.47368422
有料会員限定,0.46302432
）［有料会員,0.460386
［有料会員限,0.44983274
料会員限定］,0.44983274
ウェブ履,0.4
ェブ履歴,0.4
索検,0.31578946
有料会員限,0.28251958
料会員限定,0.28251958
［有料会員,0.27922168
）［有料会,0.2737252
会員限定］,0.27042732
ション,0.18947369
有料会員,0.1829232
住民税,0.17827474
ウェブ,0.17368421
ェブ履,0.17368421
ブ履歴,0.17368421
ツー,0.17368421
ール,0.17368421
して,0.17368421
マネー,0.173375
会員限定,0.1648947
料会員限,0.1556606
［有料会,0.14774565
）［有料,0.13191576
員限定］,0.12663913
ュー,0.10526316
料会員,0.0874413
有料会,0.08291848
会員限,0.077029385
民税,0.07387283
員限定,0.06148217
ネー,0.05779167
）［有,0.0560642
［有料,0.05474504
ライ,0.05263158
ェブ,0.05263158
ブ履,0.05263158
ショ,0.05263158
ョン,0.05263158
限定］,0.052106727
です,0.047489673
情報,0.042105265
画像,0.042105265
ウェ,0.042105265
履歴,0.042105265
削除,0.042105265
マネ,0.04189896
住民,0.040077265
会員,0.035805706
料会,0.030152174
記事,0.020918071
有料,0.019598912
）［,0.01714905
員限,0.016960599
限定,0.016960599
定］,0.015390173
サイ,0.015107496
［有,0.014071015
