必須文字列リクエスト,17.593584
必須文字列リクエストパス,16.0
必須文字列リクエストパ,13.803922
文字列リクエスト,13.233511
須文字列リクエスト,13.187166
必須文字列リクエス,13.139038
須文字列リクエストパス,12.3529415
ルートのときは空文字列,10.705882
須文字列リクエストパ,10.516934
必須文字列リクエ,9.625669
文字列リクエストパス,9.625669
須文字列リクエス,9.454545
文字列リクエス,9.083778
字列リクエスト,8.934046
ートのときは空文字列,8.877006
文字列リクエストパ,8.085562
ルートのときは空文字,7.98574
必須キーワード,7.736185
必須文字列リクエスト全体,7.593583
必須文字列リク,7.074866
文字列リクエスト全体です,6.951872
意文字列リクエストの以下,6.9304814
字列リクエストパス,6.8342247
必須文字列リクエスト全,6.7058825
須文字列リクエ,6.588235
トのときは空文字列,6.5775404
ートのときは空文字,6.4812837
必須キーワードリクエスト,6.481283
ンルートのときは空文字列,6.2459893
バルートのときは空文字列,6.224599
アプリケーション,6.2032084
必須キーワードの名前です,6.117647
字列リクエストパスの最初,6.117647
ートのときは空文字列にな,6.0748663
文字列リクエ,5.9893045
ルートのときは空文,5.9679146
文字列リクエストの以下,5.9411764
列リクエスト,5.860962
須文字列リクエスト全体,5.8431373
字列リクエス,5.6898394
ときは空文字列が入ります,5.6684494
須キーワードリクエストメ,5.6684494
必須文字列,5.6595364
のときは空文字列が入りま,5.6256685
字列リクエストパ,5.6185384
リクエスト,5.5614977
ョンルートのときは空文字,5.561497
トのときは空文字列になり,5.540107
ときは空文字列になります,5.4973264
のときは空文字列になりま,5.4973264
列リクエストパスの残りの,5.475936
ーバルートのときは空文字,5.475936
必須キーワード任意ストリ,5.4545455
クエストの以下の部分です,5.3689837
アプリケーションのサーバ,5.347594
必須キーワー,5.3475933
列リクエストの以下の部分,5.262032
字列リクエスト全体です,5.254902
整数必須キーワードの名前,5.2406416
文字列必須整数必須キーワ,5.219251
須文字列必須整数必須キー,5.13369
サーバルートのときは空文,5.13369
キーワードリクエストメソ,5.13369
必須文字列サーバ名かサー,5.1122994
ションルートのときは空文,5.1122994
須文字列リクエスト全,5.098039
必須キーワードリクエス,5.0588236
必須文字列リ,5.037433
のときは空文字列,4.9910874
のアドレスが入っています,4.9839573
プリケーションのサーバル,4.9839573
プリケーションルートのと,4.962567
須キーワードリクエスト,4.9607844
任意文字列リクエスト,4.901961
列必須整数必須キーワード,4.855615
必須キーワードクライアン,4.855615
リケーションルートのとき,4.855615
字列必須整数必須キーワー,4.8342247
ケーションルートのときは,4.8128343
リケーションの引数の中身,4.8128343
数サーバのポート番号です,4.791444
ドリクエストメソッドです,4.791444
列リクエストパス,4.7629232
ストパスの残りの部分です,4.748663
ーワードリクエストメソッ,4.748663
ンルートのときは空文字,4.745098
ートのときは空文,4.7344027
がリクエストを投げるのに,4.7272725
ーは空の可能性もあります,4.7272725
バルートのときは空文字,4.72549
ンのサーバルートのときは,4.7058825
須キーワード,4.705882
トのときは空文字列にな,4.6666665
きは空文字列が入ります,4.6666665
意ストリーム任意文字列任,4.6631017
ストリーム任意文字列任意,4.641711
任意ストリーム任意文字列,4.641711
リケーションのサーバルー,4.641711
須キーワードの名前です,4.627451
列リクエストパスの最初,4.627451
須キーワード任意ストリー,4.620321
必須整数サーバのポート番,4.620321
必須文字列必須整数必須キ,4.5989304
トがリクエストを投げるの,4.5989304
以下のようになっています,4.5989304
須文字列リク,4.5882354
必須キーワード任意スト,4.5882354
トのときは空文字,4.5632796
ロトコルのバージョンです,4.55615
ストパスの最初の部分です,4.55615
ワードリクエストメソッド,4.55615
文字列リクエスト全体,4.5454545
字列任意文字列必須文字列,4.5347595
ケーションのサーバルート,4.5347595
数必須キーワードの名前,4.529412
きは空文字列になります,4.509804
列任意文字列必須文字列必,4.4919786
ョンのサーバルートのとき,4.4919786
必須文字列サーバ名かサ,4.490196
ーバのアドレスが入ってい,4.470588
キーワードリクエストメ,4.470588
サーバのアドレスが入って,4.449198
ションのサーバルートのと,4.449198
のときは空文字列になり,4.4313726
プリケーション,4.4171124
任意文字列必須文字列必須,4.406417
クエストパスの残りの部分,4.406417
ッシュで始まる文字列です,4.406417
字列リクエストの以下,4.402852
アプリケーションのサー,4.392157
アプリケーションの引数,4.372549
文字列任意文字列必須文字,4.3636365
は空の可能性もありますが,4.3636365
アプリケーショ,4.3422456
須キーワードクライアント,4.3208556
ョンルートのときは空文,4.3137255
列必須文字列必須整数必須,4.299465
須文字列サーバ名かサーバ,4.299465
バのアドレスが入っていま,4.2780747
ーションの引数の中身につ,4.2780747
プリケーションのサーバ,4.27451
字列必須文字列必須整数必,4.2566843
文字列必須整数必須キー,4.254902
エストの以下の部分です,4.254902
リクエストパスの残りの,4.2352943
ーバルートのときは空文,4.2352943
意文字列必須文字列必須整,4.213904
トリーム任意文字列任意文,4.213904
クエストパスの最初の部分,4.213904
ときは空文字列が入りま,4.1960783
リクエストメソッドです,4.1764708
文字列必須文字列必須整数,4.171123
意文字列任意文字列必須文,4.1497326
キーは空の可能性もありま,4.128342
必須キーワードクライア,4.098039
リクエストの以下の部分,4.098039
ーワードリクエストメソ,4.098039
キーワード任意ストリーム,4.0855613
ントがリクエストを投げる,4.0855613
須整数サーバのポート番号,4.0855613
サーバのポート番号です,4.0784316
ときは空文字列になりま,4.0784316
クライアントがリクエスト,4.0641713
ストリーム任意文字列任,4.0588236
意ストリーム任意文字列,4.0588236
意文字列リクエスト,4.0588236
は存在する必要があります,4.042781
ド任意ストリーム任意文字,4.0213904
のサーバののようなにアク,4.0213904
須キーワード任意ストリ,4.019608
リケーションルートのと,4.019608
リケーションのサーバル,4.019608
いずれかつが入っています,4.0
がリクエストを投げるの,4.0
必須整数サーバのポート,4.0
必須整数必須キーワード,3.9803922
ーションルートのときは,3.9803922
スラッシュで始まる文字列,3.9786096
は以下のようになっていま,3.9786096
サーバののようなにアクセ,3.9786096
列任意文字列必須文字列,3.9607842
リクエストを投げるのに,3.9607842
トパスの残りの部分です,3.9607842
ワードリクエストメソッ,3.9607842
列リクエスト全体です,3.9572194
のサーバルートのときは,3.9411764
必須キーワードリクエ,3.939394
字列必須整数必須キーワ,3.9215686
トコルのバージョンです,3.9215686
文字列リク,3.9215684
ーバののようなにアクセス,3.9144385
文字列リクエスト全,3.9144385
任意文字列必須文字列必,3.9019608
任意文字列任意文字列必須,3.893048
は空文字列が入ります,3.8859181
下のようになっています,3.8823528
リーム任意文字列任意文字,3.8716578
としているのでない限りは,3.8716578
キーワードリクエスト,3.8680928
カルのサーバののようなに,3.8502674
必須キーワードの名前,3.8502674
ケーションルートのとき,3.8431373
ーバ名かサーバのアドレス,3.828877
字列任意文字列必須文字,3.8235295
アプリケーションルート,3.8235295
列リクエストパ,3.8181818
のいずれかつが入っていま,3.7860963
する必要はありませんもし,3.7860963
てを暗記する必要はありま,3.7860963
ションの引数の中身につい,3.7860963
須文字列必須整数必須キ,3.7843137
シュで始まる文字列です,3.7843137
トパスの最初の部分です,3.7843137
ケーションの引数の中身,3.7843137
ードクライアントがリクエ,3.764706
体は存在する必要がありま,3.764706
ョンの引数の中身について,3.764706
列必須整数必須キーワー,3.764706
必須文字列必須整数必須,3.764706
須文字列サーバ名かサー,3.764706
ードリクエストメソッド,3.764706
列必須文字列必須整数必,3.745098
アドレスが入っています,3.745098
ンのサーバルートのとき,3.745098
は空文字列になります,3.7433157
必須キーワ,3.7433157
ドクライアントがリクエス,3.7433155
列サーバ名かサーバのアド,3.7433155
須キーワードリクエス,3.7254903
ーカルのサーバののような,3.721925
ーションのサーバルート,3.7058823
字列必須文字列必須整数,3.6862745
トリーム任意文字列任意,3.6862745
ョンのサーバルートのと,3.6862745
記する必要はありませんも,3.6791444
ンの引数の中身についても,3.6791444
のときは空文字列にな,3.6720145
ーワード任意ストリーム任,3.657754
たプロトコルのバージョン,3.657754
のキーは空の可能性もあり,3.657754
必須キーワード任意ス,3.654189
文字列任意文字列必須文,3.6470587
ワードクライアントがリク,3.6363637
を暗記する必要はありませ,3.6363637
身は以下のようになってい,3.6363637
ローカルのサーバののよう,3.6363637
は空の可能性もあります,3.627451
ケーションのサーバルー,3.627451
ンルートのときは空文,3.6185384
暗記する必要はありません,3.6149733
バルートのときは空文,3.600713
エストを投げるのに使った,3.5935829
ー自体は存在する必要があ,3.5935829
の引数の中身についてもう,3.5935829
任意文字列リクエス,3.5775402
ーム任意文字列任意文字列,3.5721924
に使ったプロトコルのバー,3.5721924
を作ろうとしているのでな,3.5721924
意文字列必須文字列必須,3.5686274
ーバのアドレスが入って,3.5686274
キーワードの名前です,3.5650625
ード任意ストリーム任意文,3.5508022
作ろうとしているのでない,3.5508022
のアドレスが入っていま,3.5490196
空の可能性もありますが,3.5490196
ったプロトコルのバージョ,3.5294118
サーバ名かサーバのアドレ,3.5294118
ーワードリクエストメ,3.5294118
ストリーム任意文字列,3.5115867
リクエストパスの最初,3.5115867
キーワード任意ストリー,3.509804
ライアントがリクエスト,3.509804
須整数サーバのポート番,3.509804
できます,336072/95867
ルートのときは,3.493761
このキーは空の可能性もあ,3.486631
でないときは必ずスラッシ,3.486631
空でないときは必ずスラッ,3.486631
中身は以下のようになって,3.486631
須キーワードクライアン,3.4705882
使ったプロトコルのバージ,3.4652407
文字列必須文字列必須整,3.4509804
ずれかつが入っています,3.4509804
ワード任意ストリーム任意,3.4438503
のようなにアクセスしたと,3.4438503
必須キーワードクライ,3.4402852
プリケーションのサー,3.4402852
意文字列任意文字列必須,3.4313726
須整数必須キーワード,3.42246
任意文字列必須文字列,3.42246
プリケーションの引数,3.42246
しを作ろうとしているので,3.4224598
サーバののようなにアク,3.4117646
ストの以下の部分です,3.4046347
リケーションのサーバ,3.4046347
ム任意文字列任意文字列必,3.4010694
の中身は以下のようになっ,3.4010694
リーム任意文字列任意文,3.3921568
ワードリクエストメソ,3.3868093
字列リクエ,3.3868093
列リクエス,3.3868093
ずスラッシュで始まる文字,3.3796792
トがリクエストを投げる,3.372549
任意ストリーム任意文字,3.3529413
ーは空の可能性もありま,3.3529413
きは空文字列が入りま,3.3511586
サーバルートのときは,3.3511586
べてを暗記する必要はあり,3.3368983
ションルートのときは,3.3333335
必須文字列サーバ名,3.3208556
自体は存在する必要があり,3.3155081
列任意文字列必須文字,3.3155081
リクエストを投げるの,3.3155081
バ名かサーバのアドレス,3.3137255
エストパスの残りの部分,3.3137255
自転車,20430/6167
須キーワード任意スト,3.2976828
存在する必要があります,3.2941177
ルのサーバののようなに,3.2941177
のときは空文字,3.2941175
リクエストパス,3.2941175
のようになっています,3.2798574
整数サーバのポート番号,3.27451
バのアドレスが入ってい,3.27451
文字列サーバ名かサーバ,3.27451
る必要はありませんもしを,3.2727273
ののようなにアクセスした,3.2727273
が入っています,3.2691622
必須文字列必須整数必,3.2620323
ーバのポート番号です,3.2620323
須文字列サーバ名かサ,3.2620323
きは空文字列になりま,3.244207
ードリクエストメソッ,3.244207
ときは空文字列,3.2442067
列リクエストの以下,3.2406418
キーワードクライアント,3.235294
以下のようになっていま,3.235294
文字列,3.2352939
ついてもう少し説明します,3.2299466
列必須文字列必須整数,3.2263815
は必ずスラッシュで始まる,3.2085562
字列リクエスト全体,3.2085562
は存在する必要がありま,3.1960785
ラッシュで始まる文字列,3.1960785
しているのでない限りは,3.1960785
カルのサーバののような,3.1960785
トリーム任意文字列任,3.1907308
必須整数サーバのポー,3.1907308
ュで始まる文字列です,3.1907308
もしを作ろうとしているの,3.1871657
とんどの場合これらすべて,3.1871657
字列任意文字列必須文,3.1729057
ときは空文字列になり,3.1729057
コルのバージョンです,3.1550803
ないときは必ずスラッシュ,3.144385
必須キーワードリク,3.144385
トのときは空文,3.1443849
ーム任意文字列任意文字,3.137255
ーワード任意ストリーム,3.137255
キーは空の可能性もあり,3.137255
エストパスの最初の部分,3.137255
する必要はありませんも,3.137255
ーバののようなにアクセ,3.137255
意文字列必須文字列必,3.137255
パスの残りの部分です,3.137255
ドレスが入っています,3.1194296
ーションルートのとき,3.1194296
ケーションルートのと,3.1194296
空文字列が入ります,3.1122994
字列必須整数必須キー,3.1016045
ケーションのサーバル,3.1016045
んどの場合これらすべてを,3.1016042
須文字列,3.101604
クライアントがリクエス,3.0980392
を暗記する必要はありま,3.0980392
クエストパスの残りの,3.083779
のサーバルートのとき,3.083779
クエストメソッドです,3.083779
リケーション,3.0802138
すべてを暗記する必要はあ,3.0802138
の場合これらすべてを暗記,3.0802138
プロトコルのバージョン,3.0784314
記する必要はありません,3.0784314
ーカルのサーバののよう,3.0784314
引数の中身についてもう,3.0784314
ンの引数の中身について,3.0784314
ョンの引数の中身につい,3.0784314
ションの引数の中身につ,3.0784314
ションのサーバルート,3.0659537
ーバ名かサーバのアドレ,3.0588236
キー自体は存在する必要,3.0588236
暗記する必要はありませ,3.0588236
須文字列リ,3.0481284
文字列必須整数必須キ,3.0481284
須文字列必須整数必須,3.0481284
ーションの引数の中身,3.0481284
は以下のようになってい,3.0392158
るのに使ったプロトコルの,3.0374331
げるのに使ったプロトコル,3.0374331
ほとんどの場合これらすべ,3.0374331
字列必須文字列必須整,3.030303
ンのサーバルートのと,3.030303
ろうとしているのでない,3.0196078
ーワードリクエスト,3.016043
アプリケーシ,3.0160427
必須整数必須キーワー,3.0124779
キーワード任意ストリ,3.0124779
クエストの以下の部分,3.0124779
アプリケーションルー,3.0124779
サーバ名かサーバのアド,3.0
作ろうとしているのでな,3.0
ローカルのサーバののよ,3.0
の引数の中身についても,3.0
リクエスト全体です,3.0
を投げるのに使ったプロト,2.9946525
トを投げるのに使ったプロ,2.9946525
文字列任意文字列必須,2.9946525
須整数サーバのポート,2.9946525
須キーワー,2.9946523
必須文字,2.9946523
クエスト,2.9946523
空文字列になります,2.9839573
ド任意ストリーム任意文,2.9803922
列必須整数必須キーワ,2.9768271
イアントがリクエスト,2.9768271
の可能性もありますが,2.9768271
パスの最初の部分です,2.9768271
投げるのに使ったプロトコ,2.973262
の部分です,2.9679146
ワード任意ストリーム任,2.9607842
プリケーショ,2.9518716
必須キーワード任意,2.9518716
リーム任意文字列任意,2.9411767
プリケーションルート,2.9411767
たプロトコルのバージョ,2.9411764
ったプロトコルのバージ,2.9411764
使ったプロトコルのバー,2.9411764
空でないときは必ずスラ,2.9411764
必須キーワードクラ,2.935829
ードクライアントがリク,2.9215686
を作ろうとしているので,2.9215686
空の可能性もあります,2.905526
ーションのサーバルー,2.905526
れかつが入っています,2.905526
整数必須キーワード,2.9037433
のキーは空の可能性もあ,2.9019608
でないときは必ずスラッ,2.9019608
はありませんもしを作ろう,2.8877006
れらすべてを暗記する必要,2.8877006
ようなにアクセスしたとき,2.8877006
文字列必須文字列必須,2.8877006
意ストリーム任意文字,2.8877006
クエストを投げるのに,2.8877006
がリクエストを投げる,2.8877006
ワードリクエストメ,2.8877006
任意文字列任意文字列必,2.8823528
意文字列リクエス,2.8805704
須キーワードクライア,2.85205
身は以下のようになって,2.8431373
任意文字列必須文字,2.8395722
名かサーバのアドレス,2.8342247
文字列サーバ名かサー,2.8342247
ありませんもしを作ろうと,2.8235295
スラッシュで始まる文字,2.8235295
のいずれかつが入ってい,2.8235295
てを暗記する必要はあり,2.8235295
の中身は以下のようにな,2.8235295
リクエス,2.8235292
キーワード,2.816399
必須文字列サーバ,2.8092692
体は存在する必要があり,2.8039215
在する必要があります,2.798574
必須文字列必須整数,2.7914438
キーワードリクエス,2.7914438
中身は以下のようになっ,2.7843137
のようなにアクセスした,2.7843137
整数サーバのポート番,2.7807488
須キーワードリクエ,2.775401
ストを投げるのに使った,2.764706
バののようなにアクセス,2.764706
ード任意ストリーム任意,2.745098
数サーバのポート番号,2.745098
ドリクエストメソッド,2.745098
ーワードの名前です,2.7433155
ードリクエストメソ,2.7433155
ーム任意文字列任意文,2.7272727
のサーバののようなに,2.7272727
意文字列必須文字列,2.7272727
列任意文字列必須文,2.7272727
トリーム任意文字列,2.7272727
ョンルートのときは,2.7272727
る必要はありませんもし,2.72549
で始まる文字列です,2.71123
は空文字列が入りま,2.71123
ルのサーバののような,2.7094474
字列リクエスト全,2.7094474
いてもう少し説明します,2.7058823
須キーワードの名前,2.6951873
バのポート番号です,2.6951873
ッシュで始まる文字列,2.6916223
ドクライアントがリクエ,2.6862745
リケーションのサー,2.6791444
ルのバージョンです,2.6631017
ーバルートのときは,2.6631017
リケーションの引数,2.6631017
ーワード任意ストリー,2.6559715
典型的なものはやです,2.6559715
のアドレスが入ってい,2.6559715
下のようになっていま,2.6559715
ーバののようなにアク,2.6559715
ートのときは,2.6524065
りませんもしを作ろうとし,2.6524065
についてもう少し説明しま,2.6524065
ないときは必ずスラッシ,2.6470587
いずれかつが入っていま,2.6470587
必要はありませんもしを,2.6470587
ライアントがリクエス,2.6381462
列必須文字列必須整,2.631016
トの以下の部分です,2.631016
しを作ろうとしているの,2.627451
バ名かサーバのアドレ,2.620321
以下が各値の説明です,2.620321
カルのサーバののよう,2.620321
須文字列必須整数必,2.6149733
は空文字列になりま,2.6149733
スの残りの部分です,2.6149733
べてを暗記する必要はあ,2.6078432
ているのでない限りは,2.6024957
する必要はありません,2.6024957
中身についてもう少し説明,2.5882354
自体は存在する必要があ,2.5882354
どの場合これらすべてを,2.5882354
ーバ名かサーバのアド,2.5846703
記する必要はありませ,2.5846703
暗記する必要はありま,2.5846703
字列任意文字列必須,2.5828876
サーバルートのとき,2.5828876
ケーションのサーバ,2.5828876
ム任意文字列任意文字列,2.5686274
んどの場合これらすべて,2.5686274
リクエストパ,2.566845
レスが入っています,2.566845
ションルートのとき,2.566845
任意文字列リクエ,2.5525846
文字列が入ります,2.5525846
須整数必須キーワー,2.5508022
ときは空文字列にな,2.5508022
アプリケーションル,2.5508022
るのに使ったプロトコル,2.5490196
とんどの場合これらすべ,2.5490196
ほとんどの場合これらす,2.5490196
ロトコルのバージョン,2.5490196
存在する必要がありま,2.5490196
うとしているのでない,2.5490196
引数の中身についても,2.5490196
んもしを作ろうとしている,2.5454545
ろうとしているのでな,2.5311944
必ずスラッシュで始まる,2.5294118
いときは必ずスラッシュ,2.5294118
合これらすべてを暗記する,2.524064
字列必須文字列必須,2.5187166
文字列必須文字列必,2.5187166
リーム任意文字列任,2.5187166
須キーワード任意ス,2.5187166
アントがリクエスト,2.5187166
っています,2.513369
意文字列任意文字列必,2.513369
ワード任意ストリーム,2.513369
キーワードクライアン,2.513369
バのアドレスが入って,2.513369
ーカルのサーバののよ,2.513369
ませんもしを作ろうとして,2.5026739
アドレスが入っていま,2.4955437
ストパスの残りの部分,2.4955437
ローカルのサーバのの,2.4955437
必須キーワードリ,2.4955437
げるのに使ったプロトコ,2.490196
任意文字列,2.4866312
ーションルートのと,2.4866312
クエストパスの最初,2.4866312
ルートのとき,2.4812834
ったプロトコルのバー,2.4777184
ーは空の可能性もあり,2.4777184
の引数の中身について,2.4777184
ンの引数の中身につい,2.4777184
投げるのに使ったプロト,2.4705882
ョンのサーバルート,2.4705882
スの最初の部分です,2.4705882
必須キーワードク,2.4670231
キーは空の可能性もあ,2.4598932
ョンの引数の中身につ,2.4598932
せんもしを作ろうとしてい,2.459893
ストリーム任意文字,2.4545455
きは空文字列になり,2.4545455
のサーバルートのと,2.4545455
ーションのサーバル,2.4545455
のに使ったプロトコルの,2.4509804
プロトコルのバージョ,2.4420679
かつが入っています,2.4385028
文字列になります,2.4385028
ワードリクエスト,2.4385028
任意ストリーム任意文,2.4242425
たプロトコルのバージ,2.4242425
は空の可能性もありま,2.4242425
でないときは必ずスラ,2.4242425
作ろうとしているので,2.4242425
数の中身についてもう,2.4242425
数必須キーワード,2.4242425
必須キー,2.4242425
文字列サーバ名かサ,2.4224598
場合これらすべてを暗記す,2.4171124
必須キーワード任,2.4099822
ーワードクライアント,2.4064171
ー自体は存在する必要,2.4064171
以下のようになってい,2.4064171
文字列必須整数必須,2.4064171
キーワード任意スト,2.4064171
の可能性もあります,2.4064171
リクエストの以下,2.395722
文字列リ,2.395722
らすべてを暗記する必要,2.3921568
このキーは空の可能性,2.3885918
かサーバのアドレス,2.3743317
うなにアクセスしたとき,2.372549
クエストを投げるの,2.3582888
する必要があります,2.3582888
ションのサーバルー,2.3582888
ーム任意文字列任意,2.342246
整数サーバのポート,2.342246
ード任意ストリーム任,2.335116
は存在する必要があり,2.335116
ストパスの最初の部分,2.335116
は以下のようになって,2.335116
入っています,2.3315508
必須整数必須キーワ,2.3262033
リクエストを投げる,2.3262033
須キーワードクライ,2.3262033
リクエストメソッド,2.3262033
ドリクエストメソッ,2.3262033
須文字列サーバ名,2.3244207
きは空文字列,2.3101604
数サーバのポート番,2.3101604
須整数サーバのポー,2.3101604
任意文字列必須文,2.3101604
ードリクエストメ,2.3101604
始まる文字列です,2.2959
ようなにアクセスしたと,2.2941177
中身は以下のようにな,2.28164
列必須整数必須キー,2.278075
ようになっています,2.278075
を投げるのに使ったプロ,2.27451
ド任意ストリーム任意,2.2638147
のいずれかつが入って,2.2638147
の中身は以下のように,2.2638147
エストメソッドです,2.262032
サーバののようなに,2.262032
自転車保険,3985/1762
必須文字列必須整,2.2531195
字列サーバ名かサーバ,2.2459893
を暗記する必要はあり,2.2459893
ーワード任意ストリ,2.2459893
サーバのポート番号,2.2459893
リケーションルート,2.2459893
プリケーションルー,2.2459893
シュで始まる文字列,2.2459893
ありませんもしを作ろう,2.235294
型的なものはやです,2.2299466
ム任意文字列任意文字,2.228164
ずれかつが入っていま,2.228164
身は以下のようになっ,2.228164
意文字列必須文字,2.224599
列リクエスト全体,2.224599
りませんもしを作ろうと,2.2156863
名かサーバのアドレ,2.213904
エストパスの残りの,2.213904
のサーバののような,2.213904
を作ろうとしているの,2.2103388
須文字列必須整数,2.2103386
ンルートのときは,2.2103386
イアントがリクエス,2.197861
バ名かサーバのアド,2.197861
エストの以下の部分,2.197861
ルのサーバののよう,2.197861
ワードの名前です,2.1960785
列任意文字列必須,2.1960785
バルートのときは,2.1960785
必須文字列サー,2.1960783
る必要はありませんも,2.1925135
ののようなにアクセス,2.1925135
のようになっていま,2.1818182
のバージョンです,2.1818182
ラッシュで始まる文字,2.174688
必要はありませんもし,2.174688
てを暗記する必要はあ,2.174688
列必須文字列必須,2.167558
文字列必須文字列,2.167558
のポート番号です,2.167558
文字列任意文字列必,2.1657755
する必要はありませ,2.1657755
記する必要はありま,2.1657755
クライアントがリクエ,2.1568627
体は存在する必要があ,2.1568627
ないときは必ずスラッ,2.1568627
の場合これらすべてを,2.1568627
字列必須文字列必,2.1532977
スが入っています,2.1532977
きます,205632/95867
任意文字列任意文字列,2.1390376
のときは空文,2.1390374
在する必要がありま,2.1336899
下が各値の説明です,2.1336899
整数必須キーワー,2.124777
リーム任意文字列,2.124777
クエスト全体です,2.124777
須キーワードリク,2.124777
どの場合これらすべて,2.1212122
とんどの場合これらす,2.1212122
バののようなにアクセ,2.1212122
てもう少し説明します,2.1212122
トコルのバージョン,2.1176472
うとしているのでな,2.1176472
カルのサーバののよ,2.1176472
いときは必ずスラッシ,2.1033869
ワード任意ストリー,2.1016042
ついてもう少し説明しま,2.0980392
情報程度に考えてください,2.0962567
エストを投げるのに,2.0855615
としているのでない,2.0855615
引数の中身について,2.0855615
ションの引数の中身,2.0855615
ります,2.0855613
空文字列が入りま,2.0819964
ーワードリクエス,2.0819964
もしを作ろうとしている,2.0784314
これらすべてを暗記する,2.0784314
字列必須整数必須キ,2.0695188
ーカルのサーバのの,2.0695188
るのに使ったプロトコ,2.0677361
引数の中身,2.0588236
意ストリーム任意文,2.053476
ョンルートのとき,2.0534759
げるのに使ったプロト,2.049911
文字列必須整数必,2.0392158
ントがリクエスト,2.0392158
可能性もありますが,2.0374331
のに使ったプロトコル,2.0320857
の残りの部分です,2.0249555
サーバルートのと,2.0249555
たプロトコルのバー,2.0213904
いるのでない限りは,2.0213904
ろうとしているので,2.0213904
んもしを作ろうとしてい,2.0196078
身についてもう少し説明,2.0196078
トを投げるのに使った,2.0142603
んどの場合これらすべ,2.0142603
クエストパス,2.0106952
らず情報程度に考えてくだ,2.0106952
張らず情報程度に考えてく,2.0106952
気張らず情報程度に考えて,2.0106952
の以下の部分です,2.0106952
ションルートのと,2.0106952
ーションのサーバ,2.0106952
つが入っています,2.0106952
アプリケー,2.0053477
キーワードクライア,2.0053477
ドレスが入っていま,2.0053477
場合これらすべてを暗記,2.0
文字列必須,1.996435
空文字列になりま,1.9964349
ーバルートのとき,1.9964349
ロトコルのバージョ,1.9893049
プロトコルのバージ,1.9893049
のアドレスが入って,1.9893049
このキーは空の可能,1.9893049
意文字列リクエ,1.9839572
ーム任意文字列任,1.9821746
キーワードリクエ,1.9821746
合これらすべてを暗記す,1.9803921
ドクライアントがリク,1.9786097
数の中身についても,1.9732621
ず情報程度に考えてくださ,1.9679145
ンのサーバルート,1.9679145
ションのサーバル,1.9679145
ケーションのサー,1.9679145
字列リク,1.9679143
ときは必ずスラッシュ,1.9607843
要はありませんもしを,1.9607843
ード任意ストリーム,1.9572192
トパスの残りの部分,1.9572192
の引数の中身につい,1.9572192
須キーワード任意,1.9536542
サーバのアドレス,1.9536542
ケーションの引数,1.9536542
リケーショ,1.9518718
プリケーシ,1.9518718
すべてを暗記する必要,1.9429591
のキーは空の可能性,1.9411765
ンの引数の中身につ,1.9411765
須整数必須キーワ,1.939394
須キーワードクラ,1.939394
る必要があります,1.939394
須キーワ,1.939394
下のようになってい,1.9251337
数サーバのポート,1.9251337
は空文字列になり,1.9251337
きは空文字列にな,1.9251337
ドリクエストメソ,1.9251337
須文字列サーバ,1.9215685
ードリクエスト,1.9215685
キーワードの名前,1.9108734
のサーバルートの,1.9108734
ム任意文字列任意文,1.909091
ド任意ストリーム任,1.909091
字列サーバ名かサー,1.909091
なにアクセスしたとき,1.9073085
ときは空文字,1.9037433
ませんもしを作ろうとし,1.9019607
ケーション,1.8983958
の最初の部分です,1.8966132
ーは空の可能性もあ,1.8930482
まる文字列です,1.8841354
ワードクライアント,1.8770053
ずスラッシュで始まる,1.8716578
サーバのポート番,1.8680927
プリケーションル,1.8680927
リクエストメソッ,1.8680927
うになっています,1.8680927
あまり気張らず情報程度,1.862745
キー自体は存在する,1.8609626
の中身についてもう,1.8609626
うなにアクセスしたと,1.8538325
引数の中身引数の中身,1.8538325
的なものはやです,1.8538325
ョンのサーバルー,1.8538325
意文字列任意文字列,1.8449198
任意文字列任意文字,1.8449198
空の可能性もありま,1.8449198
字列任意文字列必,1.8395722
名かサーバのアド,1.8395722
投げるのに使ったプロ,1.8360072
いずれかつが入ってい,1.8360072
必須文字列必須,1.8342246
任意文字列必須,1.8342246
列リクエスト全,1.8342246
任意文字列リク,1.8342246
暗記する必要はあり,1.8288771
のようなにアクセス,1.8288771
アントがリクエス,1.8253119
かサーバのアドレ,1.8253119
ュで始まる文字列,1.8253119
ートのとき,1.8181819
トパスの最初の部分,1.8128343
れかつが入っていま,1.8128343
トリーム任意文字,1.8110517
で始まる文字列で,1.8110517
サーバののような,1.8110517
列必須文字列必,1.8092691
字列必須文字列,1.8092691
せんもしを作ろうとして,1.8039216
が入っていま,1.7967914
任意ストリーム任意,1.7967914
ライアントがリクエ,1.7967914
ーワードクライアン,1.7967914
存在する必要があり,1.7967914
作ろうとしているの,1.7967914
以下のようになって,1.7967914
は以下のようになっ,1.7967914
身は以下のようにな,1.7967914
中身は以下のように,1.7967914
の中身は以下のよう,1.7967914
する必要はありま,1.7967914
ルートのと,1.7825313
ッシュで始まる文字,1.7807487
意文字列必須文,1.7718359
する必要がありま,1.768271
のサーバののよう,1.768271
ようなにアクセスした,1.7647059
は存在する必要があ,1.7647059
ないときは必ずスラ,1.7647059
る必要はありません,1.7647059
字列が入ります,1.7593582
ワード任意ストリ,1.7540107
キーワード任意ス,1.7540107
整数サーバのポー,1.7540107
ルのサーバののよ,1.7540107
アドレスが入ってい,1.7486632
の場合これらすべて,1.7486632
バののようなにアク,1.7486632
須文字列必須整,1.7468805
ーワード任意スト,1.7397505
が各値の説明です,1.7397505
列リクエ,1.7397504
ユーティリティ,46725/26933
数必須キーワー,1.7344028
文字列必須文字,1.7344028
が入ります,1.7290553
必須整数必須キー,1.7254902
エストパスの最初,1.7254902
カルのサーバのの,1.7254902
必要はありませんも,1.7165775
りませんもしを作ろう,1.71123
ほとんどの場合これら,1.71123
ストリーム任意文,1.7112299
としているのでな,1.7112299
ードの名前です,1.7094474
典型的なものはやで,1.7005348
文字列必須整数,1.6969696
いてもう少し説明しま,1.6934047
報程度に考えてください,1.6862745
るのに使ったプロト,1.684492
は空の可能性もあり,1.684492
いときは必ずスラッ,1.684492
を暗記する必要はあ,1.684492
残りの部分です,1.6844919
能性もありますが,1.6827095
るのでない限りは,1.6827095
ーバののようなに,1.6827095
以下の部分です,1.6720142
ています,1.6684492
ーバのポート番号,1.6684492
ストメソッドです,1.6684492
うとしているので,1.6684492
ローカルのサーバ,1.6684492
文字列サーバ名,1.6595365
字列になります,1.6595365
は空文字列,1.6577541
れらすべてを暗記する,1.6577541
エストを投げるの,1.654189
リケーションルー,1.654189
んどの場合これらす,1.6524065
ーム任意文字列,1.6470587
文字列が入りま,1.6470587
しを作ろうとしている,1.6399287
プロトコルのバー,1.6399287
しているのでない,1.6399287
どの場合これらすべ,1.6363636
ののようなにアクセ,1.6363636
もう少し説明します,1.6363636
クエストの以下,1.6345811
意文字列,1.6256684
トコルのバージョ,1.6256684
引数の中身につい,1.6256684
キーワー,1.6256683
もしを作ろうとしてい,1.6221035
合これらすべてを暗記,1.6221035
ンルートのとき,1.6221033
ワードリクエス,1.6221033
のに使ったプロトコ,1.6203209
自体は存在する必要,1.6203209
ム任意文字列任意,1.6114082
ード任意ストリー,1.6114082
キーは空の可能性,1.6114082
ストの以下の部分,1.6114082
ョンの引数の中身,1.6114082
バルートのとき,1.6096256
須キーワードリ,1.6096256
らず情報程度に考えてく,1.6078432
張らず情報程度に考えて,1.6078432
これらすべてを暗記す,1.6042781
ときは必ずスラッシ,1.6042781
べてを暗記する必要,1.6042781
ロトコルのバージ,1.597148
字列サーバ名かサ,1.597148
のキーは空の可能,1.597148
ケーションルート,1.597148
トがリクエスト,1.597148
はありませんもしを,1.5882354
数の中身引数の中身,1.5882354
についてもう少し説明,1.5864528
整数必須キーワ,1.5846702
須キーワードク,1.5846702
ションのサーバ,1.5846702
ドリクエストメ,1.5846702
ド任意ストリーム,1.5828876
コルのバージョン,1.5828876
キーワードクライ,1.5828876
レスが入っていま,1.5828876
可能性もあります,1.5828876
ストパスの残りの,1.5828876
数の中身について,1.5828876
できま,151560/95867
要はありませんもし,1.5721925
文字列になりま,1.5721924
ョンルートのと,1.5721924
最初の部分です,1.5721924
トのときは,1.5686275
ず情報程度に考えてくだ,1.5686275
文字列任意文字列,1.5686275
任意文字列任意文,1.5686275
ーワード,1.5686275
字列必須整数必須,1.5543672
ませんもしを作ろうと,1.5508022
クライアントがリク,1.540107
列サーバ名かサーバ,1.540107
意文字列任意文字,1.5401069
のようになってい,1.5401069
リクエスト全体,1.5347593
サーバのポート,1.5347593
のサーバルート,1.5347593
須キーワード任,1.5347593
です,1.5294118
